INSERT INTO equipo (nombre, entrenador, puntos, partidos_jugados, partidos_ganados, partidos_empatados, partidos_perdidos, goles_a_favor, goles_en_contra) VALUES 
('F.C. NATOS LUXURY-LILI', 'Mendoza', 45, 15, 14, 3, -2, 42, 18),
('SPORTING SEQUERO', 'García', 38, 15, 11, 5, -1, 35, 22),
('SPORTING CASACONFORT 1', 'Rodríguez', 41, 15, 13, 2, 0, 39, 19),
('VR VERTICAL F7', 'López', 33, 15, 10, 3, 2, 31, 25),
('NIUTIN', 'Martín', 36, 15, 11, 3, 1, 33, 24),
('CONST. MIGUEL NAVARRO /GMOBEL', 'Fernández', 29, 15, 8, 5, 2, 28, 27),
('ATLÉTICO ARROYAPASTO', 'Sánchez', 31, 15, 9, 4, 2, 29, 26),
('RACING 69', 'Ruiz', 25, 15, 7, 4, 4, 24, 30),
('BAR CANDI C.F.', 'Torres', 22, 15, 6, 4, 5, 21, 32),
('ASTON BIRRAS F.C.', 'Jiménez', 18, 15, 5, 3, 7, 19, 35),
('GEINSUR SERVICIOS INTEGRALES, S.L.', 'Morales', 15, 15, 4, 3, 8, 17, 38);

INSERT INTO jugador (nombre, apellido1, apellido2, fecha_nacimiento, dorsal, posicion, id_equipo) VALUES
('Alejandro', 'Gómez', 'Santos', '1995-03-15', 1, 'Portero', 1),
('Carlos', 'Ruiz', 'Moreno', '1993-07-22', 2, 'Defensa', 1),
('Miguel', 'López', 'Fernández', '1994-11-08', 3, 'Defensa', 1),
('Francisco', 'García', 'Martínez', '1996-02-14', 4, 'Defensa', 1),
('José', 'Fernández', 'Pérez', '1992-09-30', 5, 'Centrocampista', 1),
('Antonio', 'Sánchez', 'Jiménez', '1997-06-18', 6, 'Centrocampista', 1),
('David', 'Rodríguez', 'Castro', '1995-12-03', 7, 'Centrocampista', 1),
('Manuel', 'Torres', 'Vega', '1994-04-25', 8, 'Delantero', 1),
('Roberto', 'Jiménez', 'Ramos', '1993-10-12', 9, 'Delantero', 1),
('Fernando', 'Morales', 'Navarro', '1995-08-07', 10, 'Portero', 2),
('Sergio', 'Herrera', 'Domínguez', '1994-01-19', 1, 'Portero', 2),
('Pablo', 'Navarro', 'Serrano', '1996-05-28', 2, 'Defensa', 2),
('Raúl', 'Castillo', 'Blanco', '1992-12-16', 3, 'Defensa', 2),
('Óscar', 'Delgado', 'Aguilar', '1997-03-09', 4, 'Defensa', 2),
('Ignacio', 'Vega', 'Cruz', '1995-07-31', 5, 'Centrocampista', 2),
('Jesús', 'Ramos', 'Ortega', '1993-11-24', 6, 'Centrocampista', 2),
('Hugo', 'Mendoza', 'Luna', '1994-09-13', 7, 'Centrocampista', 2),
('Adrián', 'Campos', 'Pascual', '1996-04-06', 8, 'Delantero', 2),
('Víctor', 'Ortega', 'Suárez', '1992-08-21', 9, 'Delantero', 2),
('Rubén', 'Peña', 'Molina', '1995-02-27', 10, 'Portero', 3),
('Gonzalo', 'Silva', 'León', '1994-06-14', 1, 'Portero', 3),
('Álvaro', 'Guerrero', 'Cordero', '1993-10-05', 2, 'Defensa', 3),
('Cristian', 'Blanco', 'Vargas', '1997-01-18', 3, 'Delantero', 3),
('Diego', 'Romero', 'Santos', '1995-05-11', 4, 'Defensa', 3),
('Javier', 'Molina', 'García', '1996-09-23', 5, 'Centrocampista', 3),
('Marcos', 'Prieto', 'Martínez', '1992-03-08', 6, 'Centrocampista', 3),
('Nicolás', 'Cruz', 'Herrera', '1994-07-16', 7, 'Centrocampista', 3),
('Simón', 'Vargas', 'Ruiz', '1993-12-29', 8, 'Delantero', 3),
('Tomás', 'Aguilar', 'Moreno', '1995-04-02', 9, 'Delantero', 3),
('Andrés', 'Medina', 'Sánchez', '1996-08-15', 10, 'Portero', 4),
('Bruno', 'Cortés', 'Jiménez', '1994-02-20', 1, 'Portero', 4),
('César', 'Paredes', 'Castro', '1992-06-07', 2, 'Defensa', 4),
('Damián', 'Flores', 'Vega', '1997-10-12', 3, 'Defensa', 4),
('Eduardo', 'Lara', 'Ramos', '1995-01-25', 4, 'Defensa', 4),
('Fabián', 'Reyes', 'Navarro', '1993-05-30', 5, 'Centrocampista', 4),
('Guillermo', 'Santos', 'Domínguez', '1994-11-17', 6, 'Centrocampista', 4),
('Héctor', 'Cabrera', 'Serrano', '1996-03-04', 7, 'Centrocampista', 4),
('Iván', 'Domínguez', 'Blanco', '1992-07-19', 8, 'Delantero', 4),
('Jorge', 'Espinoza', 'Aguilar', '1995-12-01', 9, 'Delantero', 4),
('Kevin', 'Luna', 'Cruz', '1994-04-14', 10, 'Portero', 5),
('Leonardo', 'Ríos', 'Ortega', '1993-08-27', 1, 'Portero', 5),
('Mario', 'Pereira', 'Luna', '1997-02-10', 2, 'Defensa', 5),
('Néstor', 'Valdez', 'Pascual', '1995-06-23', 3, 'Defensa', 5),
('Orlando', 'Ibarra', 'Suárez', '1996-10-08', 4, 'Defensa', 5),
('Pedro', 'Montes', 'Molina', '1992-01-31', 5, 'Centrocampista', 5),
('Quintero', 'Soto', 'León', '1994-05-16', 6, 'Centrocampista', 5),
('Rafael', 'Cuevas', 'Cordero', '1993-09-03', 7, 'Centrocampista', 5),
('Samuel', 'Núñez', 'Vargas', '1995-03-26', 8, 'Delantero', 5),
('Teodoro', 'Paz', 'Santos', '1996-07-09', 9, 'Delantero', 5),
('Ulises', 'Ramos', 'García', '1994-11-22', 10, 'Portero', 6),
('Valentín', 'Mora', 'Martínez', '1992-04-05', 1, 'Portero', 6),
('Walter', 'Fuentes', 'Herrera', '1997-08-18', 2, 'Defensa', 6),
('Xavier', 'Gómez', 'Ruiz', '1995-12-31', 3, 'Defensa', 6),
('Yamil', 'Herrera', 'Moreno', '1993-06-13', 4, 'Defensa', 6),
('Zacarías', 'León', 'Sánchez', '1994-10-26', 5, 'Centrocampista', 6),
('Aarón', 'Vázquez', 'Jiménez', '1996-02-08', 6, 'Centrocampista', 6),
('Bautista', 'Rojas', 'Castro', '1992-05-21', 7, 'Centrocampista', 6),
('Camilo', 'Serrano', 'Vega', '1995-09-04', 8, 'Delantero', 6),
('Darío', 'Estrada', 'Ramos', '1993-01-17', 9, 'Delantero', 6),
('Emilio', 'Contreras', 'Navarro', '1994-07-30', 10, 'Portero', 7),
('Fabricio', 'Méndez', 'Domínguez', '1997-03-12', 1, 'Portero', 7),
('Germán', 'Carrillo', 'Serrano', '1995-07-25', 2, 'Defensa', 7),
('Horacio', 'Acosta', 'Blanco', '1996-11-07', 3, 'Defensa', 7),
('Ismael', 'Ponce', 'Aguilar', '1992-04-20', 4, 'Defensa', 7),
('Julián', 'Miranda', 'Cruz', '1994-08-03', 5, 'Centrocampista', 7),
('Kilian', 'Herrero', 'Ortega', '1993-12-16', 6, 'Centrocampista', 7),
('Lautaro', 'Gallego', 'Luna', '1995-05-29', 7, 'Centrocampista', 7),
('Maximiliano', 'Osorio', 'Pascual', '1996-09-11', 8, 'Delantero', 7),
('Noah', 'Benítez', 'Suárez', '1994-01-24', 9, 'Delantero', 7),
('Óliver', 'Calvo', 'Molina', '1992-06-06', 10, 'Portero', 8),
('Patricio', 'Suárez', 'León', '1997-10-19', 1, 'Portero', 8),
('Quirino', 'Velasco', 'Cordero', '1995-02-01', 2, 'Defensa', 8),
('Rodrigo', 'Cano', 'Vargas', '1993-06-14', 3, 'Defensa', 8),
('Sebastián', 'Rico', 'Santos', '1994-10-27', 4, 'Defensa', 8),
('Thiago', 'Rubio', 'García', '1996-03-10', 5, 'Centrocampista', 8),
('Uriel', 'Marín', 'Martínez', '1992-07-23', 6, 'Centrocampista', 8),
('Vicente', 'Pascual', 'Herrera', '1995-11-05', 7, 'Centrocampista', 8),
('William', 'Cordero', 'Ruiz', '1993-04-18', 8, 'Delantero', 8),
('Yago', 'Santana', 'Moreno', '1994-08-31', 9, 'Delantero', 8),
('Zoe', 'Figueroa', 'Sánchez', '1997-01-13', 10, 'Portero', 9),
('Aitor', 'Bermúdez', 'Jiménez', '1995-05-26', 1, 'Portero', 9),
('Benito', 'Iglesias', 'Castro', '1996-09-08', 2, 'Defensa', 9),
('Celso', 'Montero', 'Vega', '1992-02-21', 3, 'Defensa', 9),
('Donato', 'Villar', 'Ramos', '1994-06-04', 4, 'Defensa', 9),
('Elio', 'Sáez', 'Navarro', '1993-10-17', 5, 'Centrocampista', 9),
('Flavio', 'Caballero', 'Domínguez', '1995-03-30', 6, 'Centrocampista', 9),
('Gaspar', 'Giménez', 'Serrano', '1996-07-12', 7, 'Centrocampista', 9),
('Hamlet', 'Rivero', 'Blanco', '1994-11-25', 8, 'Delantero', 9),
('Isaac', 'Sandoval', 'Aguilar', '1992-04-08', 9, 'Delantero', 9),
('Jacobo', 'Moreno', 'Cruz', '1997-12-20', 10, 'Portero', 10),
('Kane', 'Álvarez', 'Ortega', '1995-04-03', 1, 'Portero', 10),
('Leandro', 'Castilla', 'Luna', '1993-08-16', 2, 'Defensa', 10),
('Mauricio', 'Soler', 'Pascual', '1994-12-29', 3, 'Defensa', 10),
('Norberto', 'Hidalgo', 'Suárez', '1996-05-11', 4, 'Defensa', 10),
('Octavio', 'Peña', 'Molina', '1992-09-24', 5, 'Centrocampista', 10),
('Paolo', 'Machado', 'León', '1995-01-06', 6, 'Centrocampista', 10),
('Quique', 'Barrera', 'Cordero', '1993-05-19', 7, 'Centrocampista', 10),
('Román', 'Cabello', 'Vargas', '1994-09-01', 8, 'Delantero', 10),
('Stalin', 'Nieto', 'Santos', '1996-01-14', 9, 'Delantero', 10),
('Tadeo', 'Cortázar', 'García', '1992-07-27', 10, 'Portero', 11);



INSERT INTO arbitro (nombre, apellido1, apellido2, categoria) VALUES
('Juan', 'Pérez', 'Gómez', 'Primera División'),
('María', 'López', 'Fernández', 'Segunda División'),
('Carlos', 'Ruiz', 'Moreno', 'Tercera División'),
('Ana', 'Martínez', 'Santos', 'Primera División'),
('Miguel', 'García', 'Moreno', 'Segunda División'),
('Lucía', 'Sánchez', 'Jiménez', 'Tercera División'),
('Javier', 'Romero', 'Castro', 'Primera División'),
('Carmen', 'Jiménez', 'Navarro', 'Segunda División'),
('David', 'Navarro', 'Vega', 'Tercera División'),
('Elena', 'Torres', 'Ramos', 'Primera División'),
('Francisco', 'Morales', 'Domínguez', 'Segunda División'),
('Patricia', 'Herrera', 'Domínguez', 'Tercera División'),
('Sergio', 'Serrano', 'Blanco', 'Primera División'),
('Raquel', 'Aguilar', 'Pascual', 'Segunda División'),
('Alberto', 'Ortega', 'Cruz', 'Tercera División'),
('Beatriz', 'Molina', 'León', 'Primera División'),
('Rubén', 'Cordero', 'Vargas', 'Segunda División'),
('Teresa', 'Vargas', 'Pascual', 'Tercera División'),
('Pablo', 'Suárez', 'Martínez', 'Primera División'),
('Cristina', 'Méndez', 'Luna', 'Segunda División'),
('Iván', 'Castillo', 'Santos', 'Tercera División'),
('Laura', 'Rico', 'Moreno', 'Primera División'),
('Fernando', 'Giménez', 'Martínez', 'Segunda División'),
('Sandra', 'Delgado', 'Peña', 'Tercera División'),
('Antonio', 'Peña', 'Ruiz', 'Primera División'),
('Julia', 'Campos', 'Moreno', 'Segunda División'),
('Adrián', 'Ramos', 'Blanco', 'Tercera División'),
('Gloria', 'Blanco', 'Navarro', 'Primera División'),
('Óscar', 'Domínguez', 'Cruz', 'Segunda División'),
('Isabel', 'Santos', 'Serrano', 'Tercera División'),
('Luis', 'Vega', 'García', 'Primera División'),
('Marta', 'Gómez', 'Torres', 'Segunda División'),
('Hugo', 'Herrera', 'Castro', 'Tercera División'),
('Nuria', 'Cruz', 'Jiménez', 'Primera División'),
('Andrés', 'Moreno', 'Navarro', 'Segunda División'),
('Paula', 'León', 'Ramos', 'Tercera División'),
('Gonzalo', 'Castro', 'Aguilar', 'Primera División'),
('Silvia', 'Aguilar', 'Ortega', 'Segunda División'),
('Emilio', 'Pascual', 'Luna', 'Tercera División'),
('Victoria', 'Luna', 'Molina', 'Primera División'),
('Joaquín', 'Cordero', 'Vega', 'Segunda División'),
('Natalia', 'Vargas', 'Suárez', 'Tercera División'),
('Manuel', 'Méndez', 'Peña', 'Primera División'),
('Alicia', 'Delgado', 'Campos', 'Segunda División'),
('Eduardo', 'Campos', 'Gómez', 'Tercera División'),
('Lorena', 'Moreno', 'García', 'Primera División'),
('Raúl', 'Ramos', 'Fernández', 'Segunda División'),
('Sara', 'Navarro', 'Gómez', 'Tercera División'),
('Jorge', 'Serrano', 'Morales', 'Primera División'),
('Patricia', 'Blanco', 'Domínguez', 'Segunda División'),
('Iván', 'Santos', 'Castro', 'Tercera División'),
('Clara', 'León', 'Torres', 'Primera División'),
('Diego', 'Castro', 'Moreno', 'Segunda División'),
('Verónica', 'Aguilar', 'Herrera', 'Tercera División'),
('Santiago', 'Ortega', 'Pascual', 'Primera División'),
('Rosa', 'Pascual', 'Cruz', 'Segunda División'),
('Tomás', 'Luna', 'Molina', 'Tercera División'),
('Irene', 'Molina', 'Morales', 'Primera División'),
('Samuel', 'Cordero', 'Aguilar', 'Segunda División'),
('Esther', 'Vargas', 'Blanco', 'Tercera División'),
('Miguel Ángel', 'Suárez', 'Navarro', 'Primera División'),
('Andrea', 'Méndez', 'Navarro', 'Segunda División'),
('Guillermo', 'Peña', 'Moreno', 'Tercera División'),
('Marina', 'Campos', 'Gómez', 'Primera División'),
('Álvaro', 'Moreno', 'Serrano', 'Segunda División'),
('Bárbara', 'León', 'Serrano', 'Tercera División'),
('Pedro', 'Castro', 'Gómez', 'Primera División'),
('Eva', 'Aguilar', 'Domínguez', 'Segunda División'),
('Félix', 'Ortega', 'Ruiz', 'Tercera División'),
('Rocío', 'Pascual', 'Herrera', 'Primera División'),
('Julián', 'Luna', 'Cordero', 'Segunda División'),
('Celia', 'Molina', 'Cordero', 'Tercera División'),
('Esteban', 'Vargas', 'Moreno', 'Primera División'),
('Natalia', 'Suárez', 'Blanco', 'Segunda División'),
('Marcos', 'Méndez', 'Castro', 'Tercera División'),
('Lucía', 'Peña', 'Moreno', 'Primera División'),
('Óscar', 'Campos', 'Navarro', 'Segunda División'),
('Raquel', 'Moreno', 'Navarro', 'Tercera División'),
('Gabriel', 'León', 'Gómez', 'Primera División'),
('Mónica', 'Castro', 'Gómez', 'Segunda División'),
('Rubén', 'Aguilar', 'Fernández', 'Tercera División'),
('Sonia', 'Ortega', 'Serrano', 'Primera División'),
('Pablo', 'Pascual', 'Luna', 'Segunda División'),
('Cristina', 'Luna', 'Domínguez', 'Tercera División'),
('Héctor', 'Molina', 'García', 'Primera División'),
('Teresa', 'Vargas', 'Herrera', 'Segunda División'),
('Ignacio', 'Suárez', 'Navarro', 'Tercera División'),
('Daniela', 'Méndez', 'Cordero', 'Primera División'),
('Vicente', 'Peña', 'Moreno', 'Segunda División'),
('Lidia', 'Campos', 'Blanco', 'Tercera División'),
('Joaquín', 'Moreno', 'García', 'Primera División'),
('Paula', 'León', 'Navarro', 'Segunda División'),
('Francisco', 'Castro', 'Gómez', 'Tercera División'),
('María', 'Aguilar', 'Gómez', 'Primera División'),
('Alfonso', 'Ortega', 'Serrano', 'Segunda División'),
('Silvia', 'Pascual', 'Serrano', 'Tercera División');



INSERT INTO partido (fecha, hora, id_equipo_local, id_equipo_visitante, id_arbitro, goles_local, goles_visitante) VALUES
('2025-06-01', '10:00:00', 1, 2, 1, 2, 1),
('2025-06-01', '12:00:00', 3, 4, 2, 1, 1),
('2025-06-01', '14:00:00', 5, 6, 3, 3, 2),
('2025-06-01', '16:00:00', 7, 8, 4, 0, 2),
('2025-06-01', '18:00:00', 9, 10, 5, 2, 2),
('2025-06-02', '10:00:00', 2, 3, 6, 1, 0),
('2025-06-02', '12:00:00', 4, 5, 7, 2, 1),
('2025-06-02', '14:00:00', 6, 7, 8, 0, 0),
('2025-06-02', '16:00:00', 8, 9, 9, 3, 1),
('2025-06-02', '18:00:00', 10, 1, 10, 2, 3),
('2025-06-03', '10:00:00', 1, 3, 11, 1, 1),
('2025-06-03', '12:00:00', 2, 4, 12, 0, 2),
('2025-06-03', '14:00:00', 5, 7, 13, 2, 2),
('2025-06-03', '16:00:00', 6, 8, 14, 1, 3),
('2025-06-03', '18:00:00', 9, 2, 15, 2, 1),
('2025-06-04', '10:00:00', 3, 5, 16, 0, 0),
('2025-06-04', '12:00:00', 4, 6, 17, 3, 1),
('2025-06-04', '14:00:00', 7, 9, 18, 1, 2),
('2025-06-04', '16:00:00', 8, 10, 19, 2, 2),
('2025-06-04', '18:00:00', 1, 5, 20, 1, 0),
('2025-06-05', '10:00:00', 2, 5, 1, 2, 2),
('2025-06-05', '12:00:00', 3, 6, 2, 0, 1),
('2025-06-05', '14:00:00', 4, 7, 3, 1, 3),
('2025-06-05', '16:00:00', 5, 8, 4, 2, 0),
('2025-06-05', '18:00:00', 6, 9, 5, 3, 1),
('2025-06-06', '10:00:00', 7, 10, 6, 1, 2),
('2025-06-06', '12:00:00', 8, 1, 7, 0, 2),
('2025-06-06', '14:00:00', 9, 2, 8, 2, 0),
('2025-06-06', '16:00:00', 10, 3, 9, 1, 1),
('2025-06-06', '18:00:00', 1, 4, 10, 3, 3),
('2025-06-07', '10:00:00', 2, 5, 11, 2, 1),
('2025-06-07', '12:00:00', 3, 6, 12, 0, 0),
('2025-06-07', '14:00:00', 4, 7, 13, 1, 2),
('2025-06-07', '16:00:00', 5, 8, 14, 2, 2),
('2025-06-07', '18:00:00', 6, 9, 15, 3, 1),
('2025-06-08', '10:00:00', 7, 10, 16, 0, 1),
('2025-06-08', '12:00:00', 8, 1, 17, 2, 3),
('2025-06-08', '14:00:00', 9, 2, 18, 1, 0),
('2025-06-08', '16:00:00', 10, 3, 19, 3, 2),
('2025-06-08', '18:00:00', 1, 5, 20, 1, 1),
('2025-06-09', '10:00:00', 2, 6, 1, 2, 2),
('2025-06-09', '12:00:00', 3, 7, 2, 0, 1),
('2025-06-09', '14:00:00', 4, 8, 3, 1, 3),
('2025-06-09', '16:00:00', 5, 9, 4, 2, 0),
('2025-06-09', '18:00:00', 6, 10, 5, 3, 1),
('2025-06-10', '10:00:00', 7, 1, 6, 1, 2),
('2025-06-10', '12:00:00', 8, 2, 7, 0, 2),
('2025-06-10', '14:00:00', 9, 3, 8, 2, 0),
('2025-06-10', '16:00:00', 10, 4, 9, 1, 1),
('2025-06-10', '18:00:00', 1, 6, 10, 3, 3),
('2025-06-11', '10:00:00', 2, 7, 11, 2, 1),
('2025-06-11', '12:00:00', 3, 8, 12, 0, 0),
('2025-06-11', '14:00:00', 4, 9, 13, 1, 2),
('2025-06-11', '16:00:00', 5, 10, 14, 2, 2),
('2025-06-11', '18:00:00', 6, 1, 15, 3, 1),
('2025-06-12', '10:00:00', 7, 2, 16, 0, 1),
('2025-06-12', '12:00:00', 8, 3, 17, 2, 3),
('2025-06-12', '14:00:00', 9, 4, 18, 1, 0),
('2025-06-12', '16:00:00', 10, 5, 19, 3, 2),
('2025-06-12', '18:00:00', 1, 7, 20, 1, 1),
('2025-06-13', '10:00:00', 2, 8, 1, 2, 2),
('2025-06-13', '12:00:00', 3, 9, 2, 0, 1),
('2025-06-13', '14:00:00', 4, 10, 3, 1, 3),
('2025-06-13', '16:00:00', 5, 1, 4, 2, 0),
('2025-06-13', '18:00:00', 6, 2, 5, 3, 1),
('2025-06-14', '10:00:00', 7, 3, 6, 1, 2),
('2025-06-14', '12:00:00', 8, 4, 7, 0, 2),
('2025-06-14', '14:00:00', 9, 5, 8, 2, 0),
('2025-06-14', '16:00:00', 10, 6, 9, 1, 1),
('2025-06-14', '18:00:00', 1, 8, 10, 3, 3),
('2025-06-15', '10:00:00', 2, 9, 11, 2, 1),
('2025-06-15', '12:00:00', 3, 10, 12, 0, 0),
('2025-06-15', '14:00:00', 4, 1, 13, 1, 2),
('2025-06-15', '16:00:00', 5, 2, 14, 2, 2),
('2025-06-15', '18:00:00', 6, 3, 15, 3, 1),
('2025-06-16', '10:00:00', 7, 4, 16, 0, 1),
('2025-06-16', '12:00:00', 8, 5, 17, 2, 3),
('2025-06-16', '14:00:00', 9, 6, 18, 1, 0),
('2025-06-16', '16:00:00', 10, 7, 19, 3, 2),
('2025-06-16', '18:00:00', 1, 9, 20, 1, 1),
('2025-06-17', '10:00:00', 2, 10, 1, 2, 2),
('2025-06-17', '12:00:00', 3, 1, 2, 0, 1),
('2025-06-17', '14:00:00', 4, 2, 3, 1, 3),
('2025-06-17', '16:00:00', 5, 3, 4, 2, 0),
('2025-06-17', '18:00:00', 6, 4, 5, 3, 1),
('2025-06-18', '10:00:00', 7, 5, 6, 1, 2),
('2025-06-18', '12:00:00', 8, 6, 7, 0, 2),
('2025-06-18', '14:00:00', 9, 7, 8, 2, 0),
('2025-06-18', '16:00:00', 10, 8, 9, 1, 1),
('2025-06-18', '18:00:00', 1, 10, 10, 3, 3),
('2025-06-19', '10:00:00', 2, 1, 11, 2, 1),
('2025-06-19', '12:00:00', 3, 2, 12, 0, 0),
('2025-06-19', '14:00:00', 4, 3, 13, 1, 2),
('2025-06-19', '16:00:00', 5, 4, 14, 2, 2),
('2025-06-19', '18:00:00', 6, 5, 15, 3, 1),
('2025-06-20', '10:00:00', 7, 6, 16, 0, 1),
('2025-06-20', '12:00:00', 8, 7, 17, 2, 3),
('2025-06-20', '14:00:00', 9, 8, 18, 1, 0),
('2025-06-20', '16:00:00', 10, 9, 19, 3, 2),
('2025-06-20', '18:00:00', 1, 3, 20, 1, 1);


INSERT INTO espectador (nombre, apellido1, apellido2, email) VALUES
('Lucía', 'Gómez', 'Santos', 'lucia.gomez.santos@email.com'),
('Carlos', 'Ruiz', 'Moreno', 'carlos.ruiz.moreno@email.com'),
('Marina', 'López', 'Fernández', 'marina.lopez.fernandez@email.com'),
('Javier', 'Martínez', 'Serrano', 'javier.martinez.serrano@email.com'),
('Patricia', 'Sánchez', 'Jiménez', 'patricia.sanchez.jimenez@email.com'),
('Miguel', 'Romero', 'Castro', 'miguel.romero.castro@email.com'),
('Carmen', 'Navarro', 'Vega', 'carmen.navarro.vega@email.com'),
('David', 'Torres', 'Ramos', 'david.torres.ramos@email.com'),
('Elena', 'Morales', 'Domínguez', 'elena.morales.dominguez@email.com'),
('Francisco', 'Herrera', 'Blanco', 'francisco.herrera.blanco@email.com'),
('Sergio', 'Aguilar', 'Pascual', 'sergio.aguilar.pascual@email.com'),
('Raquel', 'Ortega', 'Cruz', 'raquel.ortega.cruz@email.com'),
('Beatriz', 'Molina', 'León', 'beatriz.molina.leon@email.com'),
('Rubén', 'Cordero', 'Vargas', 'ruben.cordero.vargas@email.com'),
('Teresa', 'Vargas', 'Pascual', 'teresa.vargas.pascual@email.com'),
('Pablo', 'Suárez', 'Martínez', 'pablo.suarez.martinez@email.com'),
('Cristina', 'Méndez', 'Luna', 'cristina.mendez.luna@email.com'),
('Iván', 'Castillo', 'Santos', 'ivan.castillo.santos@email.com'),
('Laura', 'Rico', 'Moreno', 'laura.rico.moreno@email.com'),
('Fernando', 'Giménez', 'Martínez', 'fernando.gimenez.martinez@email.com'),
('Sandra', 'Delgado', 'Peña', 'sandra.delgado.pena@email.com'),
('Antonio', 'Peña', 'Ruiz', 'antonio.pena.ruiz@email.com'),
('Julia', 'Campos', 'Moreno', 'julia.campos.moreno@email.com'),
('Adrián', 'Ramos', 'Blanco', 'adrian.ramos.blanco@email.com'),
('Gloria', 'Blanco', 'Navarro', 'gloria.blanco.navarro@email.com'),
('Óscar', 'Domínguez', 'Cruz', 'oscar.dominguez.cruz@email.com'),
('Isabel', 'Santos', 'Serrano', 'isabel.santos.serrano@email.com'),
('Luis', 'Vega', 'García', 'luis.vega.garcia@email.com'),
('Marta', 'Gómez', 'Torres', 'marta.gomez.torres@email.com'),
('Hugo', 'Herrera', 'Castro', 'hugo.herrera.castro@email.com'),
('Nuria', 'Cruz', 'Jiménez', 'nuria.cruz.jimenez@email.com'),
('Andrés', 'Moreno', 'Navarro', 'andres.moreno.navarro@email.com'),
('Paula', 'León', 'Ramos', 'paula.leon.ramos@email.com'),
('Gonzalo', 'Castro', 'Aguilar', 'gonzalo.castro.aguilar@email.com'),
('Silvia', 'Aguilar', 'Ortega', 'silvia.aguilar.ortega@email.com'),
('Emilio', 'Pascual', 'Luna', 'emilio.pascual.luna@email.com'),
('Victoria', 'Luna', 'Molina', 'victoria.luna.molina@email.com'),
('Joaquín', 'Cordero', 'Vega', 'joaquin.cordero.vega@email.com'),
('Natalia', 'Vargas', 'Suárez', 'natalia.vargas.suarez@email.com'),
('Manuel', 'Méndez', 'Peña', 'manuel.mendez.pena@email.com'),
('Alicia', 'Delgado', 'Campos', 'alicia.delgado.campos@email.com'),
('Eduardo', 'Campos', 'Gómez', 'eduardo.campos.gomez@email.com'),
('Lorena', 'Moreno', 'García', 'lorena.moreno.garcia@email.com'),
('Raúl', 'Ramos', 'Fernández', 'raul.ramos.fernandez@email.com'),
('Sara', 'Navarro', 'Gómez', 'sara.navarro.gomez@email.com'),
('Jorge', 'Serrano', 'Morales', 'jorge.serrano.morales@email.com'),
('Patricia', 'Blanco', 'Domínguez', 'patricia.blanco.dominguez@email.com'),
('Iván', 'Santos', 'Castro', 'ivan.santos.castro@email.com'),
('Clara', 'León', 'Torres', 'clara.leon.torres@email.com'),
('Diego', 'Castro', 'Moreno', 'diego.castro.moreno@email.com'),
('Verónica', 'Aguilar', 'Herrera', 'veronica.aguilar.herrera@email.com'),
('Santiago', 'Ortega', 'Pascual', 'santiago.ortega.pascual@email.com'),
('Rosa', 'Pascual', 'Cruz', 'rosa.pascual.cruz@email.com'),
('Tomás', 'Luna', 'Molina', 'tomas.luna.molina@email.com'),
('Irene', 'Molina', 'Morales', 'irene.molina.morales@email.com'),
('Samuel', 'Cordero', 'Aguilar', 'samuel.cordero.aguilar@email.com'),
('Esther', 'Vargas', 'Blanco', 'esther.vargas.blanco@email.com'),
('Miguel', 'Suárez', 'Navarro', 'miguel.suarez.navarro@email.com'),
('Andrea', 'Méndez', 'Navarro', 'andrea.mendez.navarro@email.com'),
('Guillermo', 'Peña', 'Moreno', 'guillermo.pena.moreno@email.com'),
('Marina', 'Campos', 'Gómez', 'marina.campos.gomez@email.com'),
('Álvaro', 'Moreno', 'Serrano', 'alvaro.moreno.serrano@email.com'),
('Bárbara', 'León', 'Serrano', 'barbara.leon.serrano@email.com'),
('Pedro', 'Castro', 'Gómez', 'pedro.castro.gomez@email.com'),
('Eva', 'Aguilar', 'Domínguez', 'eva.aguilar.dominguez@email.com'),
('Félix', 'Ortega', 'Ruiz', 'felix.ortega.ruiz@email.com'),
('Rocío', 'Pascual', 'Herrera', 'rocio.pascual.herrera@email.com'),
('Julián', 'Luna', 'Cordero', 'julian.luna.cordero@email.com'),
('Celia', 'Molina', 'Cordero', 'celia.molina.cordero@email.com'),
('Esteban', 'Vargas', 'Moreno', 'esteban.vargas.moreno@email.com'),
('Natalia', 'Suárez', 'Blanco', 'natalia.suarez.blanco@email.com'),
('Marcos', 'Méndez', 'Castro', 'marcos.mendez.castro@email.com'),
('Lucía', 'Peña', 'Moreno', 'lucia.pena.moreno@email.com'),
('Óscar', 'Campos', 'Navarro', 'oscar.campos.navarro@email.com'),
('Raquel', 'Moreno', 'Navarro', 'raquel.moreno.navarro@email.com'),
('Gabriel', 'León', 'Gómez', 'gabriel.leon.gomez@email.com'),
('Mónica', 'Castro', 'Gómez', 'monica.castro.gomez@email.com'),
('Rubén', 'Aguilar', 'Fernández', 'ruben.aguilar.fernandez@email.com'),
('Sonia', 'Ortega', 'Serrano', 'sonia.ortega.serrano@email.com'),
('Pablo', 'Pascual', 'Luna', 'pablo.pascual.luna@email.com'),
('Cristina', 'Luna', 'Domínguez', 'cristina.luna.dominguez@email.com'),
('Héctor', 'Molina', 'García', 'hector.molina.garcia@email.com'),
('Teresa', 'Vargas', 'Herrera', 'teresa.vargas.herrera@email.com'),
('Ignacio', 'Suárez', 'Navarro', 'ignacio.suarez.navarro@email.com'),
('Daniela', 'Méndez', 'Cordero', 'daniela.mendez.cordero@email.com'),
('Vicente', 'Peña', 'Moreno', 'vicente.pena.moreno@email.com'),
('Lidia', 'Campos', 'Blanco', 'lidia.campos.blanco@email.com'),
('Joaquín', 'Moreno', 'García', 'joaquin.moreno.garcia@email.com'),
('Paula', 'León', 'Navarro', 'paula.leon.navarro@email.com'),
('Francisco', 'Castro', 'Gómez', 'francisco.castro.gomez@email.com'),
('María', 'Aguilar', 'Gómez', 'maria.aguilar.gomez@email.com'),
('Alfonso', 'Ortega', 'Serrano', 'alfonso.ortega.serrano@email.com'),
('Silvia', 'Pascual', 'Serrano', 'silvia.pascual.serrano@email.com'),
('Julio', 'Gómez', 'Santos', 'julio.gomez.santos@email.com'),
('Lorena', 'Ruiz', 'Moreno', 'lorena.ruiz.moreno@email.com'),
('Martín', 'López', 'Fernández', 'martin.lopez.fernandez@email.com'),
('Sofía', 'Martínez', 'Serrano', 'sofia.martinez.serrano@email.com'),
('Adrián', 'Sánchez', 'Jiménez', 'adrian.sanchez.jimenez@email.com'),
('Irene', 'Romero', 'Castro', 'irene.romero.castro@email.com'),
('Alba', 'Navarro', 'Vega', 'alba.navarro.vega@email.com');

INSERT INTO entrada (id_espectador, id_partido, fecha_compra, precio) VALUES
(1, 101, '2025-06-01', 10.00),
(2, 102, '2025-06-01', 12.00),
(3, 103, '2025-06-01', 9.50),
(4, 104, '2025-06-01', 11.00),
(5, 105, '2025-06-01', 10.00),
(6, 106, '2025-06-01', 8.00),
(7, 107, '2025-06-01', 14.00),
(8, 108, '2025-06-01', 13.00),
(9, 109, '2025-06-01', 15.00),
(10, 110, '2025-06-01', 10.00),
(11, 111, '2025-06-02', 10.00),
(12, 112, '2025-06-02', 12.00),
(13, 113, '2025-06-02', 9.50),
(14, 114, '2025-06-02', 11.00),
(15, 115, '2025-06-02', 10.00),
(16, 116, '2025-06-02', 8.00),
(17, 117, '2025-06-02', 14.00),
(18, 118, '2025-06-02', 13.00),
(19, 119, '2025-06-02', 15.00),
(20, 120, '2025-06-02', 10.00),
(21, 121, '2025-06-03', 10.00),
(22, 122, '2025-06-03', 12.00),
(23, 123, '2025-06-03', 9.50),
(24, 124, '2025-06-03', 11.00),
(25, 125, '2025-06-03', 10.00),
(26, 126, '2025-06-03', 8.00),
(27, 127, '2025-06-03', 14.00),
(28, 128, '2025-06-03', 13.00),
(29, 129, '2025-06-03', 15.00),
(30, 130, '2025-06-03', 10.00),
(31, 131, '2025-06-04', 10.00),
(32, 132, '2025-06-04', 12.00),
(33, 133, '2025-06-04', 9.50),
(34, 134, '2025-06-04', 11.00),
(35, 135, '2025-06-04', 10.00),
(36, 136, '2025-06-04', 8.00),
(37, 137, '2025-06-04', 14.00),
(38, 138, '2025-06-04', 13.00),
(39, 139, '2025-06-04', 15.00),
(40, 140, '2025-06-04', 10.00),
(41, 141, '2025-06-05', 10.00),
(42, 142, '2025-06-05', 12.00),
(43, 143, '2025-06-05', 9.50),
(44, 144, '2025-06-05', 11.00),
(45, 145, '2025-06-05', 10.00),
(46, 146, '2025-06-05', 8.00),
(47, 147, '2025-06-05', 14.00),
(48, 148, '2025-06-05', 13.00),
(49, 149, '2025-06-05', 15.00),
(50, 150, '2025-06-05', 10.00),
(51, 151, '2025-06-06', 10.00),
(52, 152, '2025-06-06', 12.00),
(53, 153, '2025-06-06', 9.50),
(54, 154, '2025-06-06', 11.00),
(55, 155, '2025-06-06', 10.00),
(56, 156, '2025-06-06', 8.00),
(57, 157, '2025-06-06', 14.00),
(58, 158, '2025-06-06', 13.00),
(59, 159, '2025-06-06', 15.00),
(60, 160, '2025-06-06', 10.00),
(61, 161, '2025-06-07', 10.00),
(62, 162, '2025-06-07', 12.00),
(63, 163, '2025-06-07', 9.50),
(64, 164, '2025-06-07', 11.00),
(65, 165, '2025-06-07', 10.00),
(66, 166, '2025-06-07', 8.00),
(67, 167, '2025-06-07', 14.00),
(68, 168, '2025-06-07', 13.00),
(69, 169, '2025-06-07', 15.00),
(70, 170, '2025-06-07', 10.00),
(71, 171, '2025-06-08', 10.00),
(72, 172, '2025-06-08', 12.00),
(73, 173, '2025-06-08', 9.50),
(74, 174, '2025-06-08', 11.00),
(75, 175, '2025-06-08', 10.00),
(76, 176, '2025-06-08', 8.00),
(77, 177, '2025-06-08', 14.00),
(78, 178, '2025-06-08', 13.00),
(79, 179, '2025-06-08', 15.00),
(80, 180, '2025-06-08', 10.00),
(81, 181, '2025-06-09', 10.00),
(82, 182, '2025-06-09', 12.00),
(83, 183, '2025-06-09', 9.50),
(84, 184, '2025-06-09', 11.00),
(85, 185, '2025-06-09', 10.00),
(86, 186, '2025-06-09', 8.00),
(87, 187, '2025-06-09', 14.00),
(88, 188, '2025-06-09', 13.00),
(89, 189, '2025-06-09', 15.00),
(90, 190, '2025-06-09', 10.00),
(91, 191, '2025-06-10', 10.00),
(92, 192, '2025-06-10', 12.00),
(93, 193, '2025-06-10', 9.50),
(94, 194, '2025-06-10', 11.00),
(95, 195, '2025-06-10', 10.00),
(96, 196, '2025-06-10', 8.00),
(97, 197, '2025-06-10', 14.00),
(98, 198, '2025-06-10', 13.00),
(99, 199, '2025-06-10', 15.00),
(100, 200, '2025-06-10', 10.00);


INSERT INTO participacion (id_partido, id_jugador, minutos_jugados, goles, asistencias, tarjetas_amarillas, tarjetas_rojas) VALUES
(101, 1, 90, 0, 0, 1, 0),
(101, 2, 85, 1, 1, 0, 0),
(101, 3, 90, 1, 0, 0, 0),
(101, 4, 75, 0, 1, 1, 0),
(101, 5, 90, 1, 0, 0, 0),
(102, 6, 90, 0, 0, 0, 0),
(102, 7, 80, 2, 0, 0, 0),
(102, 8, 90, 1, 1, 1, 0),
(102, 9, 70, 0, 0, 2, 0),
(102, 10, 45, 0, 0, 0, 1),
(103, 11, 90, 0, 0, 1, 0),
(103, 12, 90, 1, 0, 0, 0),
(103, 13, 85, 0, 1, 0, 0),
(103, 14, 90, 0, 0, 0, 0),
(103, 15, 75, 0, 0, 1, 0),
(104, 16, 90, 0, 0, 0, 0),
(104, 17, 80, 1, 0, 1, 0),
(104, 18, 90, 1, 1, 0, 0),
(104, 19, 70, 0, 0, 0, 0),
(104, 20, 85, 0, 0, 1, 0),
(105, 21, 90, 0, 0, 1, 0),
(105, 22, 60, 0, 0, 0, 1),
(105, 23, 90, 0, 0, 0, 0),
(105, 24, 75, 0, 0, 1, 0),
(105, 25, 85, 0, 0, 0, 0),
(106, 26, 90, 0, 0, 0, 0),
(106, 27, 85, 0, 0, 1, 0),
(106, 28, 75, 2, 1, 0, 0),
(106, 29, 90, 2, 0, 1, 0),
(106, 30, 45, 0, 0, 0, 1),
(107, 1, 90, 0, 0, 0, 0),
(107, 2, 80, 1, 0, 1, 0),
(107, 3, 90, 1, 1, 0, 0),
(107, 4, 70, 0, 0, 0, 0),
(107, 5, 85, 0, 0, 1, 0),
(108, 6, 90, 0, 0, 1, 0),
(108, 7, 75, 1, 0, 0, 0),
(108, 8, 60, 0, 1, 0, 1),
(108, 9, 90, 0, 0, 0, 0),
(108, 10, 85, 0, 0, 1, 0),
(109, 11, 90, 0, 0, 0, 0),
(109, 12, 80, 2, 0, 1, 0),
(109, 13, 90, 1, 1, 0, 0),
(109, 14, 70, 0, 0, 0, 0),
(109, 15, 45, 0, 0, 0, 1),
(110, 16, 90, 0, 0, 1, 0),
(110, 17, 85, 1, 0, 0, 0),
(110, 18, 75, 1, 1, 1, 0),
(110, 19, 90, 0, 0, 0, 0),
(110, 20, 60, 0, 0, 0, 1),
(111, 21, 90, 0, 0, 0, 0),
(111, 22, 80, 1, 0, 1, 0),
(111, 23, 70, 1, 0, 0, 0),
(111, 24, 90, 0, 1, 0, 0),
(111, 25, 85, 0, 0, 1, 0),
(112, 26, 90, 0, 0, 0, 0),
(112, 27, 85, 1, 0, 1, 0),
(112, 28, 80, 2, 1, 0, 0),
(112, 29, 90, 0, 0, 0, 0),
(112, 30, 75, 0, 0, 1, 0),
(113, 1, 90, 0, 0, 0, 0),
(113, 2, 70, 0, 0, 0, 1),
(113, 3, 85, 0, 1, 1, 0),
(113, 4, 90, 0, 0, 0, 0),
(113, 5, 60, 0, 0, 0, 0),
(114, 6, 90, 0, 0, 1, 0),
(114, 7, 85, 1, 0, 0, 0),
(114, 8, 75, 1, 1, 1, 0),
(114, 9, 90, 0, 0, 0, 0),
(114, 10, 60, 0, 0, 0, 1),
(115, 11, 90, 0, 0, 0, 0),
(115, 12, 85, 1, 0, 1, 0),
(115, 13, 80, 2, 1, 0, 0),
(115, 14, 90, 0, 0, 0, 0),
(115, 15, 75, 0, 0, 1, 0),
(116, 16, 90, 0, 0, 0, 0),
(116, 17, 70, 0, 0, 0, 1),
(116, 18, 85, 0, 1, 1, 0),
(116, 19, 90, 0, 0, 0, 0),
(116, 20, 60, 0, 0, 0, 0),
(117, 21, 90, 0, 0, 1, 0),
(117, 22, 85, 1, 0, 0, 0),
(117, 23, 75, 1, 1, 1, 0),
(117, 24, 90, 0, 0, 0, 0),
(117, 25, 60, 0, 0, 0, 1);


INSERT INTO producto (id_producto, nombre, precio) VALUES 
(1, 'Agua Mineral', 1.50),
(2, 'Refresco', 2.00),
(3, 'Café', 1.80),
(4, 'Bocadillo', 3.50),
(5, 'Patatas Fritas', 2.20),
(6, 'Chocolate', 1.70),
(7, 'Cerveza', 2.50),
(8, 'Energía', 2.80),
(9, 'Fruta', 1.20),
(10, 'Sándwich', 4.00);

INSERT INTO cafeteria (id_venta, id_producto, id_espectador, cantidad, fecha) VALUES
(1, 1, 1, 2, '2024-01-15'),
(2, 2, 2, 1, '2024-01-15'),
(3, 3, 3, 1, '2024-01-16'),
(4, 4, 4, 2, '2024-01-16'),
(5, 5, 5, 3, '2024-01-17'),
(6, 6, 6, 1, '2024-01-17'),
(7, 7, 7, 2, '2024-01-18'),
(8, 8, 8, 1, '2024-01-18'),
(9, 9, 9, 1, '2024-01-19'),
(10, 10, 10, 1, '2024-01-19'),
(11, 1, 11, 2, '2024-01-20'),
(12, 2, 12, 1, '2024-01-20'),
(13, 3, 13, 1, '2024-01-21'),
(14, 4, 14, 2, '2024-01-21'),
(15, 5, 15, 3, '2024-01-22'),
(16, 6, 16, 1, '2024-01-22'),
(17, 7, 17, 2, '2024-01-23'),
(18, 8, 18, 1, '2024-01-23'),
(19, 9, 19, 1, '2024-01-24'),
(20, 10, 20, 1, '2024-01-24'),
(21, 1, 21, 2, '2024-01-25'),
(22, 2, 22, 1, '2024-01-25'),
(23, 3, 23, 1, '2024-01-26'),
(24, 4, 24, 2, '2024-01-26'),
(25, 5, 25, 3, '2024-01-27'),
(26, 6, 26, 1, '2024-01-27'),
(27, 7, 27, 2, '2024-01-28'),
(28, 8, 28, 1, '2024-01-28'),
(29, 9, 29, 1, '2024-01-29'),
(30, 10, 30, 1, '2024-01-29'),
(31, 1, 31, 2, '2024-01-30'),
(32, 2, 32, 1, '2024-01-30'),
(33, 3, 33, 1, '2024-01-31'),
(34, 4, 34, 2, '2024-01-31'),
(35, 5, 35, 3, '2024-02-01'),
(36, 6, 36, 1, '2024-02-01'),
(37, 7, 37, 2, '2024-02-02'),
(38, 8, 38, 1, '2024-02-02'),
(39, 9, 39, 1, '2024-02-03'),
(40, 10, 40, 1, '2024-02-03'),
(41, 1, 41, 2, '2024-02-04'),
(42, 2, 42, 1, '2024-02-04'),
(43, 3, 43, 1, '2024-02-05'),
(44, 4, 44, 2, '2024-02-05'),
(45, 5, 45, 3, '2024-02-06'),
(46, 6, 46, 1, '2024-02-06'),
(47, 7, 47, 2, '2024-02-07'),
(48, 8, 48, 1, '2024-02-07'),
(49, 9, 49, 1, '2024-02-08'),
(50, 10, 50, 1, '2024-02-08'),
(51, 1, 51, 2, '2024-02-09'),
(52, 2, 52, 1, '2024-02-09'),
(53, 3, 53, 1, '2024-02-10'),
(54, 4, 54, 2, '2024-02-10'),
(55, 5, 55, 3, '2024-02-11'),
(56, 6, 56, 1, '2024-02-11'),
(57, 7, 57, 2, '2024-02-12'),
(58, 8, 58, 1, '2024-02-12'),
(59, 9, 59, 1, '2024-02-13'),
(60, 10, 60, 1, '2024-02-13'),
(61, 1, 61, 2, '2024-02-14'),
(62, 2, 62, 1, '2024-02-14'),
(63, 3, 63, 1, '2024-02-15'),
(64, 4, 64, 2, '2024-02-15'),
(65, 5, 65, 3, '2024-02-16'),
(66, 6, 66, 1, '2024-02-16'),
(67, 7, 67, 2, '2024-02-17'),
(68, 8, 68, 1, '2024-02-17'),
(69, 9, 69, 1, '2024-02-18'),
(70, 10, 70, 1, '2024-02-18'),
(71, 1, 71, 2, '2024-02-19'),
(72, 2, 72, 1, '2024-02-19'),
(73, 3, 73, 1, '2024-02-20'),
(74, 4, 74, 2, '2024-02-20'),
(75, 5, 75, 3, '2024-02-21'),
(76, 6, 76, 1, '2024-02-21'),
(77, 7, 77, 2, '2024-02-22'),
(78, 8, 78, 1, '2024-02-22'),
(79, 9, 79, 1, '2024-02-23'),
(80, 10, 80, 1, '2024-02-23'),
(81, 1, 81, 2, '2024-02-24'),
(82, 2, 82, 1, '2024-02-24'),
(83, 3, 83, 1, '2024-02-25'),
(84, 4, 84, 2, '2024-02-25'),
(85, 5, 85, 3, '2024-02-26'),
(86, 6, 86, 1, '2024-02-26'),
(87, 7, 87, 2, '2024-02-27'),
(88, 8, 88, 1, '2024-02-27'),
(89, 9, 89, 1, '2024-02-28'),
(90, 10, 90, 1, '2024-02-28'),
(91, 1, 91, 2, '2024-02-29'),
(92, 2, 92, 1, '2024-02-29'),
(93, 3, 93, 1, '2024-03-01'),
(94, 4, 94, 2, '2024-03-01'),
(95, 5, 95, 3, '2024-03-02'),
(96, 6, 96, 1, '2024-03-02'),
(97, 7, 97, 2, '2024-03-03'),
(98, 8, 98, 1, '2024-03-03'),
(99, 9, 99, 1, '2024-03-04'),
(100, 10, 100, 1, '2024-03-04');
